PRAGMA foreign_keys=OFF;
BEGIN TRANSACTION;
CREATE TABLE IF NOT EXISTS "django_migrations" ("id" integer NOT NULL PRIMARY KEY AUTOINCREMENT, "app" varchar(255) NOT NULL, "name" varchar(255) NOT NULL, "applied" datetime NOT NULL);
INSERT INTO django_migrations VALUES(1,'contenttypes','0001_initial','2018-09-05 23:37:52.689696');
INSERT INTO django_migrations VALUES(2,'auth','0001_initial','2018-09-05 23:37:53.012455');
INSERT INTO django_migrations VALUES(3,'admin','0001_initial','2018-09-05 23:37:53.271786');
INSERT INTO django_migrations VALUES(4,'admin','0002_logentry_remove_auto_add','2018-09-05 23:37:53.535771');
INSERT INTO django_migrations VALUES(5,'contenttypes','0002_remove_content_type_name','2018-09-05 23:37:53.742803');
INSERT INTO django_migrations VALUES(6,'auth','0002_alter_permission_name_max_length','2018-09-05 23:37:53.975350');
INSERT INTO django_migrations VALUES(7,'auth','0003_alter_user_email_max_length','2018-09-05 23:37:54.160032');
INSERT INTO django_migrations VALUES(8,'auth','0004_alter_user_username_opts','2018-09-05 23:37:54.332791');
INSERT INTO django_migrations VALUES(9,'auth','0005_alter_user_last_login_null','2018-09-05 23:37:54.572380');
INSERT INTO django_migrations VALUES(10,'auth','0006_require_contenttypes_0002','2018-09-05 23:37:54.669121');
INSERT INTO django_migrations VALUES(11,'auth','0007_alter_validators_add_error_messages','2018-09-05 23:37:54.843653');
INSERT INTO django_migrations VALUES(12,'auth','0008_alter_user_username_max_length','2018-09-05 23:37:55.026748');
INSERT INTO django_migrations VALUES(13,'auth','0009_alter_user_last_name_max_length','2018-09-05 23:37:55.236542');
INSERT INTO django_migrations VALUES(14,'sessions','0001_initial','2018-09-05 23:37:55.417231');
INSERT INTO django_migrations VALUES(15,'accounts','0001_initial','2018-09-06 02:40:29.380325');
INSERT INTO django_migrations VALUES(16,'groups','0001_initial','2018-09-06 02:40:29.583492');
INSERT INTO django_migrations VALUES(17,'posts','0001_initial','2018-09-06 02:40:30.134649');
INSERT INTO django_migrations VALUES(18,'admin','0003_logentry_add_action_flag_choices','2020-06-18 18:45:35.540011');
INSERT INTO django_migrations VALUES(19,'auth','0010_alter_group_name_max_length','2020-06-18 18:45:35.554485');
INSERT INTO django_migrations VALUES(20,'auth','0011_update_proxy_permissions','2020-06-18 18:45:35.567350');
INSERT INTO django_migrations VALUES(21,'auth','0012_alter_user_first_name_max_length','2023-11-23 09:24:21.013749');
CREATE TABLE IF NOT EXISTS "auth_group_permissions" ("id" integer NOT NULL PRIMARY KEY AUTOINCREMENT, "group_id" integer NOT NULL REFERENCES "auth_group" ("id") DEFERRABLE INITIALLY DEFERRED, "permission_id" integer NOT NULL REFERENCES "auth_permission" ("id") DEFERRABLE INITIALLY DEFERRED);
CREATE TABLE IF NOT EXISTS "auth_user_groups" ("id" integer NOT NULL PRIMARY KEY AUTOINCREMENT, "user_id" integer NOT NULL REFERENCES "auth_user" ("id") DEFERRABLE INITIALLY DEFERRED, "group_id" integer NOT NULL REFERENCES "auth_group" ("id") DEFERRABLE INITIALLY DEFERRED);
CREATE TABLE IF NOT EXISTS "auth_user_user_permissions" ("id" integer NOT NULL PRIMARY KEY AUTOINCREMENT, "user_id" integer NOT NULL REFERENCES "auth_user" ("id") DEFERRABLE INITIALLY DEFERRED, "permission_id" integer NOT NULL REFERENCES "auth_permission" ("id") DEFERRABLE INITIALLY DEFERRED);
CREATE TABLE IF NOT EXISTS "django_content_type" ("id" integer NOT NULL PRIMARY KEY AUTOINCREMENT, "app_label" varchar(100) NOT NULL, "model" varchar(100) NOT NULL);
INSERT INTO django_content_type VALUES(1,'admin','logentry');
INSERT INTO django_content_type VALUES(2,'auth','permission');
INSERT INTO django_content_type VALUES(3,'auth','group');
INSERT INTO django_content_type VALUES(4,'auth','user');
INSERT INTO django_content_type VALUES(5,'contenttypes','contenttype');
INSERT INTO django_content_type VALUES(6,'sessions','session');
INSERT INTO django_content_type VALUES(7,'accounts','user');
INSERT INTO django_content_type VALUES(8,'groups','group');
INSERT INTO django_content_type VALUES(9,'groups','groupmember');
INSERT INTO django_content_type VALUES(10,'posts','post');
CREATE TABLE IF NOT EXISTS "auth_permission" ("id" integer NOT NULL PRIMARY KEY AUTOINCREMENT, "content_type_id" integer NOT NULL REFERENCES "django_content_type" ("id") DEFERRABLE INITIALLY DEFERRED, "codename" varchar(100) NOT NULL, "name" varchar(255) NOT NULL);
INSERT INTO auth_permission VALUES(1,1,'add_logentry','Can add log entry');
INSERT INTO auth_permission VALUES(2,1,'change_logentry','Can change log entry');
INSERT INTO auth_permission VALUES(3,1,'delete_logentry','Can delete log entry');
INSERT INTO auth_permission VALUES(4,2,'add_permission','Can add permission');
INSERT INTO auth_permission VALUES(5,2,'change_permission','Can change permission');
INSERT INTO auth_permission VALUES(6,2,'delete_permission','Can delete permission');
INSERT INTO auth_permission VALUES(7,3,'add_group','Can add group');
INSERT INTO auth_permission VALUES(8,3,'change_group','Can change group');
INSERT INTO auth_permission VALUES(9,3,'delete_group','Can delete group');
INSERT INTO auth_permission VALUES(10,4,'add_user','Can add user');
INSERT INTO auth_permission VALUES(11,4,'change_user','Can change user');
INSERT INTO auth_permission VALUES(12,4,'delete_user','Can delete user');
INSERT INTO auth_permission VALUES(13,5,'add_contenttype','Can add content type');
INSERT INTO auth_permission VALUES(14,5,'change_contenttype','Can change content type');
INSERT INTO auth_permission VALUES(15,5,'delete_contenttype','Can delete content type');
INSERT INTO auth_permission VALUES(16,6,'add_session','Can add session');
INSERT INTO auth_permission VALUES(17,6,'change_session','Can change session');
INSERT INTO auth_permission VALUES(18,6,'delete_session','Can delete session');
INSERT INTO auth_permission VALUES(19,7,'add_user','Can add user');
INSERT INTO auth_permission VALUES(20,7,'change_user','Can change user');
INSERT INTO auth_permission VALUES(21,7,'delete_user','Can delete user');
INSERT INTO auth_permission VALUES(22,8,'add_group','Can add group');
INSERT INTO auth_permission VALUES(23,8,'change_group','Can change group');
INSERT INTO auth_permission VALUES(24,8,'delete_group','Can delete group');
INSERT INTO auth_permission VALUES(25,9,'add_groupmember','Can add group member');
INSERT INTO auth_permission VALUES(26,9,'change_groupmember','Can change group member');
INSERT INTO auth_permission VALUES(27,9,'delete_groupmember','Can delete group member');
INSERT INTO auth_permission VALUES(28,10,'add_post','Can add post');
INSERT INTO auth_permission VALUES(29,10,'change_post','Can change post');
INSERT INTO auth_permission VALUES(30,10,'delete_post','Can delete post');
INSERT INTO auth_permission VALUES(31,1,'view_logentry','Can view log entry');
INSERT INTO auth_permission VALUES(32,2,'view_permission','Can view permission');
INSERT INTO auth_permission VALUES(33,3,'view_group','Can view group');
INSERT INTO auth_permission VALUES(34,4,'view_user','Can view user');
INSERT INTO auth_permission VALUES(35,5,'view_contenttype','Can view content type');
INSERT INTO auth_permission VALUES(36,6,'view_session','Can view session');
INSERT INTO auth_permission VALUES(37,7,'view_user','Can view user');
INSERT INTO auth_permission VALUES(38,8,'view_group','Can view group');
INSERT INTO auth_permission VALUES(39,9,'view_groupmember','Can view group member');
INSERT INTO auth_permission VALUES(40,10,'view_post','Can view post');
CREATE TABLE IF NOT EXISTS "django_session" ("session_key" varchar(40) NOT NULL PRIMARY KEY, "session_data" text NOT NULL, "expire_date" datetime NOT NULL);
INSERT INTO django_session VALUES('4ro9op1bq0owk113lffvdkydtf7dtuzg','ZWI5MjM2MTA0MTRkZjczMGI1NGEyZDE2MmJjZDY0ZGI2NWNkMmVmNDp7Il9hdXRoX3VzZXJfaWQiOiIyIiwiX2F1dGhfdXNlcl9iYWNrZW5kIjoiZGphbmdvLmNvbnRyaWIuYXV0aC5iYWNrZW5kcy5Nb2RlbEJhY2tlbmQiLCJfYXV0aF91c2VyX2hhc2giOiIwYzNiNDk1N2IzOWNmNmE1ZTIyM2ZlYzVkYmVkNzc3MjAyZTE2NzE4In0=','2018-09-20 05:04:26.380014');
INSERT INTO django_session VALUES('gk7ythiazyaicx41r2yuc67ub6hlxod3','ZTkxNzVjNTVkYjNiZjNjNTc3NGE4YTdiYWI4MWE5MzkwZDk5NzgwYjp7Il9hdXRoX3VzZXJfaWQiOiIzIiwiX2F1dGhfdXNlcl9iYWNrZW5kIjoiZGphbmdvLmNvbnRyaWIuYXV0aC5iYWNrZW5kcy5Nb2RlbEJhY2tlbmQiLCJfYXV0aF91c2VyX2hhc2giOiI0ZWE4NTY0YmE2MGFhMzY1Nzk4ZGEyZmFjNDgyYmY4ZWRhNDIyMzE3In0=','2020-07-02 18:47:04.904190');
INSERT INTO django_session VALUES('vysos8tj8639n1tn0ygbyzs1txehe1r8','NzdjNDY4NGI4NjRkN2Y3NGIwOTUzMDQ5MDUxZWE1ZmMwNGE3YWQ1Nzp7Il9hdXRoX3VzZXJfaWQiOiI1IiwiX2F1dGhfdXNlcl9iYWNrZW5kIjoiZGphbmdvLmNvbnRyaWIuYXV0aC5iYWNrZW5kcy5Nb2RlbEJhY2tlbmQiLCJfYXV0aF91c2VyX2hhc2giOiJkOGQ2YTY1MTRjYjFhM2FlZTcxNzc0NTdmMGRhNGRjMjNiYzU1NzQyIn0=','2021-05-04 07:35:50.596048');
CREATE TABLE IF NOT EXISTS "accounts_user" ("user_ptr_id" integer NOT NULL PRIMARY KEY REFERENCES "auth_user" ("id") DEFERRABLE INITIALLY DEFERRED);
CREATE TABLE IF NOT EXISTS "groups_groupmember" ("id" integer NOT NULL PRIMARY KEY AUTOINCREMENT, "group_id" integer NOT NULL REFERENCES "groups_group" ("id") DEFERRABLE INITIALLY DEFERRED, "user_id" integer NOT NULL REFERENCES "auth_user" ("id") DEFERRABLE INITIALLY DEFERRED);
INSERT INTO groups_groupmember VALUES(7,3,6);
INSERT INTO groups_groupmember VALUES(8,2,6);
INSERT INTO groups_groupmember VALUES(9,1,6);
INSERT INTO groups_groupmember VALUES(10,1,7);
INSERT INTO groups_groupmember VALUES(11,2,7);
INSERT INTO groups_groupmember VALUES(12,3,7);
INSERT INTO groups_groupmember VALUES(13,3,8);
INSERT INTO groups_groupmember VALUES(14,4,8);
INSERT INTO groups_groupmember VALUES(15,3,9);
INSERT INTO groups_groupmember VALUES(16,4,7);
INSERT INTO groups_groupmember VALUES(17,3,10);
INSERT INTO groups_groupmember VALUES(18,5,10);
INSERT INTO groups_groupmember VALUES(19,6,7);
CREATE TABLE IF NOT EXISTS "groups_group" ("id" integer NOT NULL PRIMARY KEY AUTOINCREMENT, "name" varchar(255) NOT NULL UNIQUE, "slug" varchar(50) NOT NULL UNIQUE, "description" text NOT NULL, "description_html" text NOT NULL);
INSERT INTO groups_group VALUES(1,'FirstGroup','firstgroup','My first group!',replace('<p>My first group!</p>\n','\n',char(10)));
INSERT INTO groups_group VALUES(2,'Second Group','second-group','Second try',replace('<p>Second try</p>\n','\n',char(10)));
INSERT INTO groups_group VALUES(3,'friends','friends','benchmates and teammates',replace('<p>benchmates and teammates</p>\n','\n',char(10)));
INSERT INTO groups_group VALUES(4,'DBMS','dbms','lab submissions',replace('<p>lab submissions</p>\n','\n',char(10)));
INSERT INTO groups_group VALUES(5,'Fan Club','fan-club','PES University Fan Club!',replace('<p>PES University Fan Club!</p>\n','\n',char(10)));
INSERT INTO groups_group VALUES(6,'uyguyg','uyguyg','uguifuy',replace('<p>uguifuy</p>\n','\n',char(10)));
CREATE TABLE IF NOT EXISTS "posts_post" ("id" integer NOT NULL PRIMARY KEY AUTOINCREMENT, "created_at" datetime NOT NULL, "message" text NOT NULL, "message_html" text NOT NULL, "group_id" integer NULL REFERENCES "groups_group" ("id") DEFERRABLE INITIALLY DEFERRED, "user_id" integer NOT NULL REFERENCES "auth_user" ("id") DEFERRABLE INITIALLY DEFERRED);
INSERT INTO posts_post VALUES(4,'2023-11-23 17:07:10.069410',replace(replace('hii people....hope u all r doing good....\r\nall of u prepare for ur isa and esa','\r',char(13)),'\n',char(10)),replace('<p>hii people....hope u all r doing good....\nall of u prepare for ur isa and esa</p>\n','\n',char(10)),3,6);
INSERT INTO posts_post VALUES(5,'2023-11-23 17:11:22.893283','yeah bro...i am trying my best....but someone help me with ML...i am not getting the 3rd and 4th unit at all.',replace('<p>yeah bro...i am trying my best....but someone help me with ML...i am not getting the 3rd and 4th unit at all.</p>\n','\n',char(10)),3,7);
INSERT INTO posts_post VALUES(6,'2023-11-23 17:17:40.177882','hey guys',replace('<p>hey guys</p>\n','\n',char(10)),3,8);
INSERT INTO posts_post VALUES(7,'2023-11-23 17:34:42.477043','don''t worry....i''ll teach u all',replace('<p>don&#39;t worry....i&#39;ll teach u all</p>\n','\n',char(10)),3,9);
INSERT INTO posts_post VALUES(8,'2023-11-24 03:30:31.487276','MI is very vast!',replace('<p>MI is very vast!</p>\n','\n',char(10)),3,10);
CREATE TABLE IF NOT EXISTS "django_admin_log" ("id" integer NOT NULL PRIMARY KEY AUTOINCREMENT, "action_time" datetime NOT NULL, "object_id" text NULL, "object_repr" varchar(200) NOT NULL, "change_message" text NOT NULL, "content_type_id" integer NULL REFERENCES "django_content_type" ("id") DEFERRABLE INITIALLY DEFERRED, "user_id" integer NOT NULL REFERENCES "auth_user" ("id") DEFERRABLE INITIALLY DEFERRED, "action_flag" smallint unsigned NOT NULL CHECK ("action_flag" >= 0));
INSERT INTO django_admin_log VALUES(4,'2021-04-20 07:36:17.941150','4','fasihussaini','',4,5,3);
CREATE TABLE IF NOT EXISTS "auth_group" ("id" integer NOT NULL PRIMARY KEY AUTOINCREMENT, "name" varchar(150) NOT NULL UNIQUE);
CREATE TABLE IF NOT EXISTS "auth_user" ("id" integer NOT NULL PRIMARY KEY AUTOINCREMENT, "password" varchar(128) NOT NULL, "last_login" datetime NULL, "is_superuser" bool NOT NULL, "username" varchar(150) NOT NULL UNIQUE, "last_name" varchar(150) NOT NULL, "email" varchar(254) NOT NULL, "is_staff" bool NOT NULL, "is_active" bool NOT NULL, "date_joined" datetime NOT NULL, "first_name" varchar(150) NOT NULL);
INSERT INTO auth_user VALUES(5,'pbkdf2_sha256$180000$7c1T1joFsWfW$Npu28GvYXrVQlJFPQDpGSmQRCsTevgA6bvfpd9TPuFY=','2021-04-20 07:35:50.591675',1,'fasi','','fasi@gmail.com',1,1,'2021-04-20 07:34:33.222373','');
INSERT INTO auth_user VALUES(6,'pbkdf2_sha256$600000$R4JIuCHRKG4oAnuTkW9YNF$C4iZ3evoHZvW8cSlvd5r1Y2my40ogtY4toZbPOBUWs0=','2023-11-23 17:02:58.592540',0,'pragya','','pragyasrivastava2003bth@gmail.com',0,1,'2023-11-23 17:02:42.294037','');
INSERT INTO auth_user VALUES(7,'pbkdf2_sha256$600000$ECxnJckow2QIJb6Ww0N7fP$w3of0v1hQb6xBesj3x5W6tNBvI5HXBwecCFYL+REq0k=','2023-11-24 05:26:06.749357',0,'priya','','priyaveeru@gmail.com',0,1,'2023-11-23 17:09:42.732147','');
INSERT INTO auth_user VALUES(8,'pbkdf2_sha256$600000$uz0BaQh4Fg0SCx59C1hUCC$k38WwnpeZxKlcbpRDaFWoF5YzOwFhvPR6i6oxmpM4qQ=','2023-11-23 17:16:42.431352',0,'TRISHA','','trishashukla1021@gmail.com',0,1,'2023-11-23 17:16:27.896364','');
INSERT INTO auth_user VALUES(9,'pbkdf2_sha256$600000$PigywHbyH78D0SQjk2vYfN$RL5peVb01xO1ckT0f2UkUDFLYp0vlJ1GhBcY/K+FIQc=','2023-11-23 17:33:27.337988',0,'prakhar','','prakhar@gmail.com',0,1,'2023-11-23 17:33:01.631675','');
INSERT INTO auth_user VALUES(10,'pbkdf2_sha256$600000$JSIziRHOsFcWjSMXtAuUkR$KQr7V03xDCbQ/D2jtDqz1l1DIFwYBqEuUpEQEnPQH+g=','2023-11-24 03:29:15.456361',0,'Nikita_Suresh','','nikkisuresh03@gmail.com',0,1,'2023-11-24 03:28:59.331113','');
DELETE FROM sqlite_sequence;
INSERT INTO sqlite_sequence VALUES('django_migrations',21);
INSERT INTO sqlite_sequence VALUES('django_content_type',10);
INSERT INTO sqlite_sequence VALUES('auth_permission',40);
INSERT INTO sqlite_sequence VALUES('groups_group',6);
INSERT INTO sqlite_sequence VALUES('groups_groupmember',19);
INSERT INTO sqlite_sequence VALUES('posts_post',8);
INSERT INTO sqlite_sequence VALUES('django_admin_log',4);
INSERT INTO sqlite_sequence VALUES('auth_group',0);
INSERT INTO sqlite_sequence VALUES('auth_user',10);
CREATE UNIQUE INDEX auth_group_permissions_group_id_permission_id_0cd325b0_uniq ON "auth_group_permissions" ("group_id", "permission_id");
CREATE INDEX "auth_group_permissions_group_id_b120cbf9" ON "auth_group_permissions" ("group_id");
CREATE INDEX "auth_group_permissions_permission_id_84c5c92e" ON "auth_group_permissions" ("permission_id");
CREATE UNIQUE INDEX auth_user_groups_user_id_group_id_94350c0c_uniq ON "auth_user_groups" ("user_id", "group_id");
CREATE INDEX "auth_user_groups_user_id_6a12ed8b" ON "auth_user_groups" ("user_id");
CREATE INDEX "auth_user_groups_group_id_97559544" ON "auth_user_groups" ("group_id");
CREATE UNIQUE INDEX auth_user_user_permissions_user_id_permission_id_14a6b632_uniq ON "auth_user_user_permissions" ("user_id", "permission_id");
CREATE INDEX "auth_user_user_permissions_user_id_a95ead1b" ON "auth_user_user_permissions" ("user_id");
CREATE INDEX "auth_user_user_permissions_permission_id_1fbb5f2c" ON "auth_user_user_permissions" ("permission_id");
CREATE UNIQUE INDEX django_content_type_app_label_model_76bd3d3b_uniq ON "django_content_type" ("app_label", "model");
CREATE UNIQUE INDEX auth_permission_content_type_id_codename_01ab375a_uniq ON "auth_permission" ("content_type_id", "codename");
CREATE INDEX "auth_permission_content_type_id_2f476e4b" ON "auth_permission" ("content_type_id");
CREATE INDEX "django_session_expire_date_a5c62663" ON "django_session" ("expire_date");
CREATE INDEX "groups_groupmember_group_id_1c1b676d" ON "groups_groupmember" ("group_id");
CREATE INDEX "groups_groupmember_user_id_f9e9f041" ON "groups_groupmember" ("user_id");
CREATE UNIQUE INDEX groups_groupmember_group_id_user_id_0156d33b_uniq ON "groups_groupmember" ("group_id", "user_id");
CREATE UNIQUE INDEX posts_post_user_id_message_b22cefcc_uniq ON "posts_post" ("user_id", "message");
CREATE INDEX "posts_post_group_id_c91a8485" ON "posts_post" ("group_id");
CREATE INDEX "posts_post_user_id_a4f40dc7" ON "posts_post" ("user_id");
CREATE INDEX "django_admin_log_content_type_id_c4bce8eb" ON "django_admin_log" ("content_type_id");
CREATE INDEX "django_admin_log_user_id_c564eba6" ON "django_admin_log" ("user_id");
COMMIT;
